Prov_Name,age,sex,total,lower,upper
CENTRAL,< 1,m,7145.54347,6166.26859,8340.346
CENTRAL,< 1,f,6351.94975,5481.43446,7414.05589
CENTRAL,1 to 4,m,14777.48309,12752.27423,17248.4182
CENTRAL,1 to 4,f,13427.09377,11586.95164,15672.231
CENTRAL,5 to 9,m,26210.99263,22618.85627,30593.71881
CENTRAL,5 to 9,f,23951.81051,20669.28814,27956.78004
CENTRAL,10 to 14,m,25078.2016,21641.31078,29271.51438
CENTRAL,10 to 14,f,21452.63028,18512.61292,25039.71321
CENTRAL,15 to 19,m,22588.62129,19492.91984,26365.65268
CENTRAL,15 to 19,f,19715.04403,17013.15755,23011.58608
CENTRAL,20 to 24,m,17305.46309,14933.80231,20199.10039
CENTRAL,20 to 24,f,15526.27717,13398.44837,18122.41773
CENTRAL,25 to 29,m,15798.27501,13633.16975,18439.8962
CENTRAL,25 to 29,f,14230.28742,12280.07006,16609.72623
CENTRAL,30 to 34,m,12735.89924,10990.48321,14865.4622
CENTRAL,30 to 34,f,11289.51068,9742.31778,13177.22378
CENTRAL,35 to 39,m,11462.30932,9891.43489,13378.91598
CENTRAL,35 to 39,f,10521.51676,9079.57507,12280.814
CENTRAL,40 to 44,m,9113.5279,7864.54678,10637.39606
CENTRAL,40 to 44,f,7875.1377,6795.87416,9191.93529
CENTRAL,45 to 49,m,8297.53436,7160.38265,9684.96067
CENTRAL,45 to 49,f,7292.7423,6293.29428,8512.15788
CENTRAL,50 to 54,m,6287.95025,5426.2059,7339.35508
CENTRAL,50 to 54,f,5628.75547,4857.35175,6569.93668
CENTRAL,55 to 59,m,4739.16251,4089.67478,5531.59536
CENTRAL,55 to 59,f,4201.56676,3625.75489,4904.10851
CENTRAL,60 to 64,m,3891.16922,3357.89638,4541.80956
CENTRAL,60 to 64,f,3471.97253,2996.14932,4052.51922
CENTRAL,65 to 69,m,2508.78015,2164.95951,2928.27195
CENTRAL,65 to 69,f,2412.78091,2082.11667,2816.22073
CENTRAL,70 to 74,m,1603.18732,1383.4754,1871.25542
CENTRAL,70 to 74,f,1497.58815,1292.34828,1747.99907
CENTRAL,75 to 79,m,1011.192,872.61123,1180.27288
CENTRAL,75 to 79,f,991.99215,856.04266,1157.86263
CENTRAL,80 +,m,1119.99114,966.49978,1307.26426
CENTRAL,80 +,f,1254.39008,1082.47975,1464.13598
CENTRAL BOUGAINVILLE,< 1,m,4317.77287,3273.66513,5459.14218
CENTRAL BOUGAINVILLE,< 1,f,4108.17225,3114.74935,5194.13528
CENTRAL BOUGAINVILLE,1 to 4,m,9036.40694,6851.25669,11425.11007
CENTRAL BOUGAINVILLE,1 to 4,f,8357.82492,6336.76685,10567.15022
CENTRAL BOUGAINVILLE,5 to 9,m,14810.90416,11229.38652,18726.05022
CENTRAL BOUGAINVILLE,5 to 9,f,13354.17981,10124.92182,16884.25225
CENTRAL BOUGAINVILLE,10 to 14,m,13907.00146,10544.0622,17583.20795
CENTRAL BOUGAINVILLE,10 to 14,f,12293.07665,9320.41067,15542.65481
CENTRAL BOUGAINVILLE,15 to 19,m,12730.61795,9652.14737,16095.85672
CENTRAL BOUGAINVILLE,15 to 19,f,11417.99404,8656.93728,14436.25099
CENTRAL BOUGAINVILLE,20 to 24,m,10411.91104,7894.14152,13164.21786
CENTRAL BOUGAINVILLE,20 to 24,f,10831.11229,8211.97309,13694.23167
CENTRAL BOUGAINVILLE,25 to 29,m,9935.06962,7532.60811,12561.32716
CENTRAL BOUGAINVILLE,25 to 29,f,10432.8711,7910.0331,13190.71855
CENTRAL BOUGAINVILLE,30 to 34,m,8813.70628,6682.40867,11143.54023
CENTRAL BOUGAINVILLE,30 to 34,f,8473.10526,6424.17053,10712.90402
CENTRAL BOUGAINVILLE,35 to 39,m,7663.52285,5810.35832,9689.31486
CENTRAL BOUGAINVILLE,35 to 39,f,7160.48135,5428.96044,9053.29829
CENTRAL BOUGAINVILLE,40 to 44,m,5653.97686,4286.75325,7148.56118
CENTRAL BOUGAINVILLE,40 to 44,f,5203.33551,3945.08431,6578.79634
CENTRAL BOUGAINVILLE,45 to 49,m,5281.93575,4004.67773,6678.17393
CENTRAL BOUGAINVILLE,45 to 49,f,4959.67479,3760.34472,6270.72582
CENTRAL BOUGAINVILLE,50 to 54,m,3943.11176,2989.60317,4985.44235
CENTRAL BOUGAINVILLE,50 to 54,f,3628.71082,2751.22949,4587.93199
CENTRAL BOUGAINVILLE,55 to 59,m,2819.1284,2137.41728,3564.34283
CENTRAL BOUGAINVILLE,55 to 59,f,2462.80734,1867.26045,3113.8311
CENTRAL BOUGAINVILLE,60 to 64,m,2227.00664,1688.48019,2815.69833
CENTRAL BOUGAINVILLE,60 to 64,f,1894.26565,1436.20139,2394.99988
CENTRAL BOUGAINVILLE,65 to 69,m,1393.84416,1056.78996,1762.2959
CENTRAL BOUGAINVILLE,65 to 69,f,1068.96319,810.47049,1351.5352
CENTRAL BOUGAINVILLE,70 to 74,m,786.00234,595.93419,993.77588
CENTRAL BOUGAINVILLE,70 to 74,f,594.74177,450.92353,751.95708
CENTRAL BOUGAINVILLE,75 to 79,m,458.50137,347.62828,579.7026
CENTRAL BOUGAINVILLE,75 to 79,f,317.02095,240.36012,400.82294
CENTRAL BOUGAINVILLE,80 +,m,351.08105,266.18394,443.88656
CENTRAL BOUGAINVILLE,80 +,f,280.34084,212.54986,354.44673
CHIMBU (SIMBU),< 1,m,6215.21004,5891.63469,6549.33087
CHIMBU (SIMBU),< 1,f,5418.00971,5135.93807,5709.27418
CHIMBU (SIMBU),1 to 4,m,18136.97874,17192.734,19111.99683
CHIMBU (SIMBU),1 to 4,f,16723.75995,15853.09,17622.80543
CHIMBU (SIMBU),5 to 9,m,37377.1539,35431.22997,39386.49636
CHIMBU (SIMBU),5 to 9,f,33027.44633,31307.97624,34802.95472
CHIMBU (SIMBU),10 to 14,m,36409.50837,34513.96186,38366.83159
CHIMBU (SIMBU),10 to 14,f,29790.3298,28239.39,31391.81543
CHIMBU (SIMBU),15 to 19,m,35027.15761,33203.57885,36910.16763
CHIMBU (SIMBU),15 to 19,f,30304.34955,28726.64893,31933.46814
CHIMBU (SIMBU),20 to 24,m,25213.80935,23901.13168,26569.26776
CHIMBU (SIMBU),20 to 24,f,23420.77963,22201.45042,24679.84732
CHIMBU (SIMBU),25 to 29,m,21207.67633,20103.56538,22347.77075
CHIMBU (SIMBU),25 to 29,f,24054.24522,22801.93661,25347.36712
CHIMBU (SIMBU),30 to 34,m,16906.28394,16026.11145,17815.14164
CHIMBU (SIMBU),30 to 34,f,19313.99001,18308.46788,20352.28255
CHIMBU (SIMBU),35 to 39,m,16859.31085,15981.58387,17765.64335
CHIMBU (SIMBU),35 to 39,f,18900.62687,17916.62519,19916.6976
CHIMBU (SIMBU),40 to 44,m,14839.46825,14066.89802,15637.21688
CHIMBU (SIMBU),40 to 44,f,14055.68879,13323.92357,14811.30256
CHIMBU (SIMBU),45 to 49,m,13981.87394,13253.95166,14733.51954
CHIMBU (SIMBU),45 to 49,f,11838.55923,11222.22189,12474.98328
CHIMBU (SIMBU),50 to 54,m,11732.53427,11121.71678,12363.25857
CHIMBU (SIMBU),50 to 54,f,9272.48676,8789.74391,9770.96242
CHIMBU (SIMBU),55 to 59,m,6942.6218,6581.17604,7315.84724
CHIMBU (SIMBU),55 to 59,f,5413.98344,5132.12143,5705.03147
CHIMBU (SIMBU),60 to 64,m,7910.26733,7498.44414,8335.51201
CHIMBU (SIMBU),60 to 64,f,5897.13516,5590.11937,6214.15673
CHIMBU (SIMBU),65 to 69,m,4983.17316,4723.73992,5251.06144
CHIMBU (SIMBU),65 to 69,f,3490.77118,3309.03516,3678.43005
CHIMBU (SIMBU),70 to 74,m,3650.47966,3460.42892,3846.72424
CHIMBU (SIMBU),70 to 74,f,2038.63184,1932.49689,2148.22578
CHIMBU (SIMBU),75 to 79,m,1982.26414,1879.06379,2088.82783
CHIMBU (SIMBU),75 to 79,f,909.93574,862.5628,958.85259
CHIMBU (SIMBU),80 +,m,1409.19252,1335.82734,1484.9487
CHIMBU (SIMBU),80 +,f,801.2266,759.51326,844.2994
EAST NEW BRITAIN,< 1,m,9502.25461,7933.27145,11266.95782
EAST NEW BRITAIN,< 1,f,8418.85906,7028.76285,9982.36037
EAST NEW BRITAIN,1 to 4,m,20308.76587,16955.4447,24080.39121
EAST NEW BRITAIN,1 to 4,f,18441.24808,15396.28572,21866.04893
EAST NEW BRITAIN,5 to 9,m,32252.25437,26926.86099,38241.95462
EAST NEW BRITAIN,5 to 9,f,29118.37917,24310.44166,34526.07443
EAST NEW BRITAIN,10 to 14,m,28785.12722,24032.21525,34130.93287
EAST NEW BRITAIN,10 to 14,f,25287.94206,21112.47458,29984.27091
EAST NEW BRITAIN,15 to 19,m,25612.04591,21383.0634,30368.56544
EAST NEW BRITAIN,15 to 19,f,23096.32041,19282.72678,27385.6341
EAST NEW BRITAIN,20 to 24,m,22337.02871,18648.807,26485.33119
EAST NEW BRITAIN,20 to 24,f,20869.41327,17423.51972,24745.15877
EAST NEW BRITAIN,25 to 29,m,21049.76138,17574.0893,24959.00008
EAST NEW BRITAIN,25 to 29,f,21505.85915,17954.8776,25499.80166
EAST NEW BRITAIN,30 to 34,m,16543.67227,13812.03182,19616.06643
EAST NEW BRITAIN,30 to 34,f,16138.54245,13473.79579,19135.69827
EAST NEW BRITAIN,35 to 39,m,14139.03075,11804.43734,16764.84894
EAST NEW BRITAIN,35 to 39,f,14077.60785,11753.15639,16692.01893
EAST NEW BRITAIN,40 to 44,m,10695.42728,8929.43111,12681.71954
EAST NEW BRITAIN,40 to 44,f,9963.57986,8318.42409,11813.9577
EAST NEW BRITAIN,45 to 49,m,10004.09284,8352.24769,11861.99451
EAST NEW BRITAIN,45 to 49,f,9430.37674,7873.26184,11181.73121
EAST NEW BRITAIN,50 to 54,m,8405.79035,7017.85201,9966.86463
EAST NEW BRITAIN,50 to 54,f,7494.90169,6257.3665,8886.81104
EAST NEW BRITAIN,55 to 59,m,6466.39469,5398.68342,7667.29574
EAST NEW BRITAIN,55 to 59,f,5748.92285,4799.67833,6816.57921
EAST NEW BRITAIN,60 to 64,m,5350.32738,4466.89772,6343.95892
EAST NEW BRITAIN,60 to 64,f,4051.29821,3382.36027,4803.68164
EAST NEW BRITAIN,65 to 69,m,3286.77903,2744.07615,3897.18043
EAST NEW BRITAIN,65 to 69,f,2633.34384,2198.53417,3122.39307
EAST NEW BRITAIN,70 to 74,m,1713.30708,1430.41107,2031.49246
EAST NEW BRITAIN,70 to 74,f,1293.80169,1080.17312,1534.07898
EAST NEW BRITAIN,75 to 79,m,831.16957,693.9294,985.52952
EAST NEW BRITAIN,75 to 79,f,659.96955,550.9974,782.53524
EAST NEW BRITAIN,80 +,m,790.65659,660.10579,937.49271
EAST NEW BRITAIN,80 +,f,865.1482,722.29758,1025.81847
EAST SEPIK,< 1,m,11631.96562,9806.10704,14075.42834
EAST SEPIK,< 1,f,10701.1486,9021.39948,12949.07975
EAST SEPIK,1 to 4,m,24498.88729,20653.32025,29645.23314
EAST SEPIK,1 to 4,f,22828.8284,19245.40891,27624.3542
EAST SEPIK,5 to 9,m,44396.72444,37427.81283,53722.89897
EAST SEPIK,5 to 9,f,40823.9024,34415.81326,49399.55395
EAST SEPIK,10 to 14,m,44402.13617,37432.37508,53729.44751
EAST SEPIK,10 to 14,f,39095.39686,32958.62959,47307.9508
EAST SEPIK,15 to 19,m,43228.8738,36443.27859,52309.72439
EAST SEPIK,15 to 19,f,39193.89028,33041.6626,47427.13419
EAST SEPIK,20 to 24,m,37622.32482,31716.78427,45525.43866
EAST SEPIK,20 to 24,f,36161.15858,30484.9759,43757.3333
EAST SEPIK,25 to 29,m,32133.75148,27089.74707,38883.91105
EAST SEPIK,25 to 29,f,32992.05135,27813.32043,39922.50924
EAST SEPIK,30 to 34,m,24152.53677,20361.33605,29226.12669
EAST SEPIK,30 to 34,f,24560.58098,20705.32994,29719.88648
EAST SEPIK,35 to 39,m,20773.45455,17512.66515,25137.21934
EAST SEPIK,35 to 39,f,21462.90855,18093.8962,25971.50312
EAST SEPIK,40 to 44,m,15515.42078,13079.97993,18774.65947
EAST SEPIK,40 to 44,f,15672.36086,13212.28528,18964.56708
EAST SEPIK,45 to 49,m,14838.95493,12509.69828,17956.09217
EAST SEPIK,45 to 49,f,14675.52078,12371.91824,17758.32632
EAST SEPIK,50 to 54,m,10889.4767,9180.1659,13176.96888
EAST SEPIK,50 to 54,f,10517.14989,8866.28288,12726.42944
EAST SEPIK,55 to 59,m,7711.71071,6501.21081,9331.66716
EAST SEPIK,55 to 59,f,7565.59409,6378.02998,9154.85662
EAST SEPIK,60 to 64,m,6768.9879,5706.46631,8190.91178
EAST SEPIK,60 to 64,f,6597.97733,5562.29911,7983.97796
EAST SEPIK,65 to 69,m,4454.93351,3755.64684,5390.75678
EAST SEPIK,65 to 69,f,4297.99344,3623.34149,5200.84916
EAST SEPIK,70 to 74,m,2776.21586,2340.43589,3359.40018
EAST SEPIK,70 to 74,f,2520.78235,2125.09754,3050.30917
EAST SEPIK,75 to 79,m,1480.6484599999999,1248.23248,1791.68009
EAST SEPIK,75 to 79,f,1418.95477,1196.22279,1717.02676
EAST SEPIK,80 +,m,1644.08261,1386.01252,1989.44595
EAST SEPIK,80 +,f,1510.95413,1273.78109,1828.35191
EASTERN HIGHLANDS,< 1,m,10366.2347,9562.32497,11235.25849
EASTERN HIGHLANDS,< 1,f,9245.12155,8528.15503,10020.16
EASTERN HIGHLANDS,1 to 4,m,27823.10393,25665.40013,30155.57466
EASTERN HIGHLANDS,1 to 4,f,25467.14149,23492.14446,27602.10682
EASTERN HIGHLANDS,5 to 9,m,51327.48499,47346.99779,55630.37862
EASTERN HIGHLANDS,5 to 9,f,45819.40731,42266.0759,49660.54692
EASTERN HIGHLANDS,10 to 14,m,47499.45224,43815.83202,51481.43364
EASTERN HIGHLANDS,10 to 14,f,39177.21805,36138.99369,42461.52862
EASTERN HIGHLANDS,15 to 19,m,49280.23488,45458.51355,53411.50312
EASTERN HIGHLANDS,15 to 19,f,43697.41632,40308.64699,47360.66485
EASTERN HIGHLANDS,20 to 24,m,40304.83041,37179.15882,43683.67116
EASTERN HIGHLANDS,20 to 24,f,37867.6279,34930.96329,41042.15271
EASTERN HIGHLANDS,25 to 29,m,36545.03933,33710.94252,39608.6887
EASTERN HIGHLANDS,25 to 29,f,38933.4978,35914.17414,42197.37678
EASTERN HIGHLANDS,30 to 34,m,27897.8448,25734.34479,30236.58122
EASTERN HIGHLANDS,30 to 34,f,30802.9902,28414.19386,33385.27122
EASTERN HIGHLANDS,35 to 39,m,27839.35194,25680.3881,30173.18478
EASTERN HIGHLANDS,35 to 39,f,29061.2028,26807.48346,31497.46603
EASTERN HIGHLANDS,40 to 44,m,23481.63384,21660.6145,25450.14979
EASTERN HIGHLANDS,40 to 44,f,21671.60478,19990.95462,23488.38208
EASTERN HIGHLANDS,45 to 49,m,20683.72536,19079.68604,22417.6866
EASTERN HIGHLANDS,45 to 49,f,17681.09185,16309.90915,19163.33587
EASTERN HIGHLANDS,50 to 54,m,17404.87557,16055.11365,18863.96378
EASTERN HIGHLANDS,50 to 54,f,12595.4626,11618.67448,13651.36736
EASTERN HIGHLANDS,55 to 59,m,10112.76564,9328.51264,10960.54057
EASTERN HIGHLANDS,55 to 59,f,7503.33415,6921.44463,8132.35481
EASTERN HIGHLANDS,60 to 64,m,9427.09933,8696.0203,10217.39338
EASTERN HIGHLANDS,60 to 64,f,6534.95235,6028.16161,7082.79148
EASTERN HIGHLANDS,65 to 69,m,5608.81539,5173.84731,6079.01447
EASTERN HIGHLANDS,65 to 69,f,3886.52561,3585.12247,4212.34143
EASTERN HIGHLANDS,70 to 74,m,3093.62239,2853.70952,3352.96742
EASTERN HIGHLANDS,70 to 74,f,1930.26439,1780.57086,2092.08261
EASTERN HIGHLANDS,75 to 79,m,1283.59333,1184.04964,1391.19972
EASTERN HIGHLANDS,75 to 79,f,831.89846,767.38407,901.6383
EASTERN HIGHLANDS,80 +,m,1088.6171200000001,1004.194,1179.87824
EASTERN HIGHLANDS,80 +,f,760.40719,701.437,824.15376
ENGA,< 1,m,5412.77241,4622.40478,6387.00931
ENGA,< 1,f,4792.09709,4092.35985,5654.61956
ENGA,1 to 4,m,19164.358,16365.99757,22613.72248
ENGA,1 to 4,f,17233.81594,14717.35134,20335.70501
ENGA,5 to 9,m,37091.39573,31675.34714,43767.42124
ENGA,5 to 9,f,31938.58149,27274.94169,37687.15958
ENGA,10 to 14,m,37530.70488,32050.50881,44285.80099
ENGA,10 to 14,f,30398.98427,25960.15493,35870.45253
ENGA,15 to 19,m,37274.77707,31831.95132,43983.80912
ENGA,15 to 19,f,31908.35379,27249.12781,37651.49124
ENGA,20 to 24,m,27372.18451,23375.32545,32298.86356
ENGA,20 to 24,f,26052.24187,22248.11951,30741.34639
ENGA,25 to 29,m,23736.80051,20270.77659,28009.15216
ENGA,25 to 29,f,27422.564,23418.34857,32358.31078
ENGA,30 to 34,m,22537.76865,19246.82616,26594.30833
ENGA,30 to 34,f,26128.8187,22313.51467,30831.70617
ENGA,35 to 39,m,19373.93668,16544.97378,22861.02291
ENGA,35 to 39,f,21074.74826,17997.43455,24867.96106
ENGA,40 to 44,m,17677.15546,15095.95486,20858.84055
ENGA,40 to 44,f,16987.96403,14507.39848,20045.60258
ENGA,45 to 49,m,13243.76033,11309.91967,15627.48519
ENGA,45 to 49,f,12006.44006,10253.27166,14167.46147
ENGA,50 to 54,m,11244.70217,9602.76198,13268.6195
ENGA,50 to 54,f,9507.61735,8119.32456,11218.87935
ENGA,55 to 59,m,6283.32999,5365.84442,7414.25728
ENGA,55 to 59,f,5142.73834,4391.80082,6068.37222
ENGA,60 to 64,m,7490.42257,6396.67855,8838.61267
ENGA,60 to 64,f,6192.64691,5288.40279,7307.25228
ENGA,65 to 69,m,4628.86754,3952.96492,5462.01057
ENGA,65 to 69,f,3093.30069,2641.62001,3650.05931
ENGA,70 to 74,m,3711.96082,3169.94401,4380.07117
ENGA,70 to 74,f,2059.51355,1758.78544,2430.20235
ENGA,75 to 79,m,1636.32584,1397.39117,1930.8457
ENGA,75 to 79,f,878.61831,750.32334,1036.75952
ENGA,80 +,m,1805.60092,1541.94888,2130.58836
ENGA,80 +,f,1023.71124,874.22994,1207.96751
GULF,< 1,m,3443.62064,2941.75898,4022.88623
GULF,< 1,f,3065.89016,2619.07767,3581.61615
GULF,1 to 4,m,8657.10212,7395.44525,10113.34887
GULF,1 to 4,f,8081.83061,6904.01187,9441.30857
GULF,5 to 9,m,15297.41711,13068.02313,17870.65855
GULF,5 to 9,f,13694.39835,11698.62293,15997.98942
GULF,10 to 14,m,13476.83627,11512.76761,15743.83033
GULF,10 to 14,f,11600.1965,9909.62299,13551.51326
GULF,15 to 19,m,13502.19627,11534.43173,15773.45624
GULF,15 to 19,f,11896.50804,10162.75109,13897.66859
GULF,20 to 24,m,10396.26401,8881.14756,12145.06234
GULF,20 to 24,f,9459.27886,8080.71546,11050.46306
GULF,25 to 29,m,8854.64315,7564.19732,10344.11909
GULF,25 to 29,f,8610.38633,7355.53767,10058.77483
GULF,30 to 34,m,7313.02228,6247.24708,8543.17583
GULF,30 to 34,f,6650.99288,5681.69961,7769.78375
GULF,35 to 39,m,6697.70867,5721.6072,7824.35779
GULF,35 to 39,f,6153.1361,5256.3988,7188.18043
GULF,40 to 44,m,4897.14888,4183.45492,5720.91844
GULF,40 to 44,f,4159.0395,3552.91511,4858.64864
GULF,45 to 49,m,4393.95316,3753.59324,5133.07809
GULF,45 to 49,f,3414.25643,2916.67421,3988.58255
GULF,50 to 54,m,3151.31331,2692.05153,3681.40868
GULF,50 to 54,f,2546.67759,2175.53339,2975.0647
GULF,55 to 59,m,2307.75972,1971.4346,2695.95748
GULF,55 to 59,f,1825.91978,1559.81639,2133.06526
GULF,60 to 64,m,1651.06928,1410.44801,1928.80243
GULF,60 to 64,f,1488.2314,1271.34158,1738.57292
GULF,65 to 69,m,1141.19986,974.88524,1333.16579
GULF,65 to 69,f,1007.72619,860.86358,1177.23996
GULF,70 to 74,m,612.64414,523.35945,715.69953
GULF,70 to 74,f,600.63151,513.0975,701.6662
GULF,75 to 79,m,343.02733,293.03568,400.72936
GULF,75 to 79,f,309.65891,264.53026,361.74791
GULF,80 +,m,369.72206,315.84001,431.91453
GULF,80 +,f,316.33259,270.23135,369.5442
HELA,< 1,m,10878.36622,9310.589,12725.4922
HELA,< 1,f,10110.55211,8653.43135,11827.30471
HELA,1 to 4,m,31792.3027,27210.43381,37190.57549
HELA,1 to 4,f,29569.84079,25308.27046,34590.74375
HELA,5 to 9,m,59217.66269,50683.2835,69272.70966
HELA,5 to 9,f,51581.5115,44147.64534,60339.95446
HELA,10 to 14,m,52700.240640000004,45105.14457,61648.64169
HELA,10 to 14,f,43087.56798,36877.83887,50403.75542
HELA,15 to 19,m,49982.89854,42779.42258,58469.90005
HELA,15 to 19,f,42196.78365,36115.43332,49361.7176
HELA,20 to 24,m,34098.74428,29184.47377,39888.64648
HELA,20 to 24,f,32638.09792,27934.33403,38179.98514
HELA,25 to 29,m,27251.40211,23323.96241,31878.63857
HELA,25 to 29,f,33303.93672,28504.21292,38958.8821
HELA,30 to 34,m,28118.19225,24065.83179,32892.60804
HELA,30 to 34,f,35892.31004,30719.55296,41986.75631
HELA,35 to 39,m,21990.67579,18821.40572,25724.65089
HELA,35 to 39,f,26105.6795,22343.35999,30538.37444
HELA,40 to 44,m,22599.52838,19342.5112,26436.8855
HELA,40 to 44,f,22458.56251,19221.86116,26271.98389
HELA,45 to 49,m,14267.54566,12211.32393,16690.14789
HELA,45 to 49,f,14288.54057,12229.29308,16714.7077
HELA,50 to 54,m,14147.5747,12108.64304,16549.80609
HELA,50 to 54,f,12842.89058,10991.98845,15023.58908
HELA,55 to 59,m,6031.53969,5162.28136,7055.68371
HELA,55 to 59,f,5482.67258,4692.51632,6413.62
HELA,60 to 64,m,8766.87743,7503.40547,10255.47662
HELA,60 to 64,f,7537.17516,6450.92643,8816.97323
HELA,65 to 69,m,3722.09884,3185.67437,4354.10417
HELA,65 to 69,f,3275.20703,2803.18809,3831.33098
HELA,70 to 74,m,2828.31523,2420.7018,3308.5578
HELA,70 to 74,f,2033.50766,1740.44095,2378.79341
HELA,75 to 79,m,1049.74584,898.45772,1227.9907
HELA,75 to 79,f,794.80757,680.26085,929.76439
HELA,80 +,m,1490.6391,1275.80996,1743.74679
HELA,80 +,f,1007.75601,862.51941,1178.87107
JIWAKA,< 1,m,5294.391,4834.90091,5814.74831
JIWAKA,< 1,f,4923.78363,4496.45784,5407.71593
JIWAKA,1 to 4,m,16494.54911,15063.01866,18115.70991
JIWAKA,1 to 4,f,15223.89527,13902.64244,16720.17031
JIWAKA,5 to 9,m,31346.57643,28626.06687,34427.46338
JIWAKA,5 to 9,f,27949.34221,25523.67212,30696.33321
JIWAKA,10 to 14,m,31178.92072,28472.96167,34243.32968
JIWAKA,10 to 14,f,25598.38049,23376.74588,28114.30807
JIWAKA,15 to 19,m,29676.32213,27100.77075,32593.04873
JIWAKA,15 to 19,f,26783.31562,24458.84275,29415.70412
JIWAKA,20 to 24,m,22000.71575,20091.3156,24163.04815
JIWAKA,20 to 24,f,21081.76074,19252.11494,23153.77398
JIWAKA,25 to 29,m,18017.3168,16453.62825,19788.14228
JIWAKA,25 to 29,f,21241.85304,19398.31314,23329.60089
JIWAKA,30 to 34,m,15071.36638,13763.35125,16552.65018
JIWAKA,30 to 34,f,17983.28143,16422.54675,19750.76175
JIWAKA,35 to 39,m,14351.58132,13106.03496,15762.12131
JIWAKA,35 to 39,f,16036.96246,14645.14508,17613.14952
JIWAKA,40 to 44,m,12432.99487,11353.95896,13654.96728
JIWAKA,40 to 44,f,11861.95698,10832.48037,13027.80514
JIWAKA,45 to 49,m,11161.08046,10192.43158,12258.04322
JIWAKA,45 to 49,f,9314.34645,8505.9721,10229.80363
JIWAKA,50 to 54,m,8556.74431,7814.1208,9397.74084
JIWAKA,50 to 54,f,6805.81357,6215.15,7474.7205
JIWAKA,55 to 59,m,4290.97785,3918.57207,4712.71506
JIWAKA,55 to 59,f,3645.56637,3329.17462,4003.86955
JIWAKA,60 to 64,m,5405.3211,4936.20359,5936.58113
JIWAKA,60 to 64,f,4325.01322,3949.65357,4750.09558
JIWAKA,65 to 69,m,3161.50777,2887.12654,3472.23542
JIWAKA,65 to 69,f,2437.941,2226.35675,2677.55315
JIWAKA,70 to 74,m,2431.63815,2220.60092,2670.63083
JIWAKA,70 to 74,f,1559.32421,1423.99343,1712.58182
JIWAKA,75 to 79,m,1179.89285,1077.4922,1295.85819
JIWAKA,75 to 79,f,690.79197,630.83945,758.68621
JIWAKA,80 +,m,1187.45627,1084.3992,1304.16498
JIWAKA,80 +,f,792.89808,724.08397,870.82778
MADANG,< 1,m,15132.04605,14085.84079,16337.26236
MADANG,< 1,f,13830.17586,12873.97981,14931.70261
MADANG,1 to 4,m,31599.82596,29415.06496,34116.64526
MADANG,1 to 4,f,29210.55553,27190.98484,31537.07752
MADANG,5 to 9,m,55242.94241,51423.53449,59642.85601
MADANG,5 to 9,f,49824.75435,46379.95121,53793.12759
MADANG,10 to 14,m,54989.59195,51187.70027,59369.32704
MADANG,10 to 14,f,46909.96985,43666.69021,50646.19036
MADANG,15 to 19,m,51443.93972,47887.18871,55541.2756
MADANG,15 to 19,f,44568.35941,41486.97494,48118.07856
MADANG,20 to 24,m,43631.46439,40614.85533,47106.56302
MADANG,20 to 24,f,39429.86023,36703.7433,42570.31529
MADANG,25 to 29,m,39005.93718,36309.1296,42112.6282
MADANG,25 to 29,f,37830.74222,35215.18573,40843.83294
MADANG,30 to 34,m,29769.93328,27711.68811,32141.00782
MADANG,30 to 34,f,28104.34213,26161.25325,30342.75797
MADANG,35 to 39,m,26165.33316,24356.30424,28249.31349
MADANG,35 to 39,f,24759.36353,23047.54108,26731.36313
MADANG,40 to 44,m,19435.24124,18091.52001,20983.1925
MADANG,40 to 44,f,16467.77991,15329.22417,17779.3829
MADANG,45 to 49,m,17496.23227,16286.571,18889.74802
MADANG,45 to 49,f,15024.18397,13985.43613,16220.80943
MADANG,50 to 54,m,12311.32731,11460.142,13291.88291
MADANG,50 to 54,f,9963.44582,9274.58925,10757.00059
MADANG,55 to 59,m,8797.03033,8188.81785,9497.68406
MADANG,55 to 59,f,7067.47447,6578.84069,7630.37492
MADANG,60 to 64,m,7231.77601,6731.78268,7807.76252
MADANG,60 to 64,f,5707.91061,5313.27488,6162.5264
MADANG,65 to 69,m,4511.39408,4199.48358,4870.71137
MADANG,65 to 69,f,3275.99704,3049.49989,3536.91913
MADANG,70 to 74,m,2539.77565,2364.17966,2742.0602
MADANG,70 to 74,f,1695.69219,1578.45477,1830.74834
MADANG,75 to 79,m,1497.52698,1393.99038,1616.79994
MADANG,75 to 79,f,1020.9271,950.34185,1102.24049
MADANG,80 +,m,1325.70018,1234.04341,1431.28772
MADANG,80 +,f,988.31764,919.98695,1067.0338
MANUS,< 1,m,1421.69536,777.61026,2346.03207
MANUS,< 1,f,1327.43218,726.05209,2190.48226
MANUS,1 to 4,m,2976.39219,1627.96699,4911.53853
MANUS,1 to 4,f,2765.91413,1512.84394,4564.21498
MANUS,5 to 9,m,5203.84404,2846.29369,8587.20185
MANUS,5 to 9,f,4568.53604,2498.80573,7538.83874
MANUS,10 to 14,m,4999.82237,2734.70203,8250.5324
MANUS,10 to 14,f,4259.92097,2330.00568,7029.57293
MANUS,15 to 19,m,4432.95201,2424.64671,7315.10272
MANUS,15 to 19,f,3928.06292,2148.49266,6481.95236
MANUS,20 to 24,m,3251.43407,1778.40385,5365.40304
MANUS,20 to 24,f,3109.39366,1700.71345,5131.01292
MANUS,25 to 29,m,3068.07281,1678.11261,5062.8267
MANUS,25 to 29,f,2887.29411,1579.23392,4764.51199
MANUS,30 to 34,m,2528.31926,1382.88909,4172.14422
MANUS,30 to 34,f,2434.05608,1331.33092,4016.59441
MANUS,35 to 39,m,2301.05461,1258.58446,3797.12002
MANUS,35 to 39,f,2152.55782,1177.36268,3552.0758
MANUS,40 to 44,m,1803.91318,986.66806,2976.75459
MANUS,40 to 44,f,1707.06745,933.69734,2816.94314
MANUS,45 to 49,m,1818.11722,994.4371,3000.1936
MANUS,45 to 49,f,1708.35873,934.40361,2819.07396
MANUS,50 to 54,m,1435.8994,785.3793,2369.47108
MANUS,50 to 54,f,1441.0645,788.20441,2377.99436
MANUS,55 to 59,m,1203.46964,658.24956,1985.9236
MANUS,55 to 59,f,1120.82795,613.04787,1849.55117
MANUS,60 to 64,m,905.18478,495.09972,1493.70434
MANUS,60 to 64,f,857.40755,468.9675,1414.86403
MANUS,65 to 69,m,654.67715,358.08211,1080.32539
MANUS,65 to 69,f,648.22077,354.55073,1069.6713
MANUS,70 to 74,m,395.13059,216.12056,652.03071
MANUS,70 to 74,f,408.04335,223.18333,673.3389
MANUS,75 to 79,m,206.60423,113.00422,340.93109
MANUS,75 to 79,f,196.27402,107.35401,323.88454
MANUS,80 +,m,204.02168,111.59166,336.66945
MANUS,80 +,f,215.64317,117.94815,355.84683
MILNE BAY,< 1,m,14280.26369,11199.52271,18660.0215
MILNE BAY,< 1,f,12805.79957,10043.1509,16733.33914
MILNE BAY,1 to 4,m,28481.81932,22337.31739,37217.19518
MILNE BAY,1 to 4,f,25656.20037,20121.28102,33524.9587
MILNE BAY,5 to 9,m,53726.11423,42135.55503,70203.917
MILNE BAY,5 to 9,f,48408.07372,37964.79763,63254.83312
MILNE BAY,10 to 14,m,50095.04957,39287.83513,65459.20457
MILNE BAY,10 to 14,f,44257.53594,34709.67271,57831.32512
MILNE BAY,15 to 19,m,42447.25081,33289.92796,55465.82543
MILNE BAY,15 to 19,f,38456.75273,30160.31671,50251.44132
MILNE BAY,20 to 24,m,37349.59284,29292.00906,48804.71542
MILNE BAY,20 to 24,f,34649.90676,27174.73754,45277.03544
MILNE BAY,25 to 29,m,32519.54224,25503.96546,42493.28798
MILNE BAY,25 to 29,f,31378.27553,24608.90898,41001.99469
MILNE BAY,30 to 34,m,25845.09968,20269.42829,33771.79346
MILNE BAY,30 to 34,f,24546.41688,19250.91576,32074.80454
MILNE BAY,35 to 39,m,23562.56626,18479.31535,30789.20689
MILNE BAY,35 to 39,f,22995.86831,18034.87352,30048.70263
MILNE BAY,40 to 44,m,18247.14936,14310.61555,23843.55126
MILNE BAY,40 to 44,f,15807.19984,12397.04654,20655.26907
MILNE BAY,45 to 49,m,17861.47992,14008.14819,23339.59698
MILNE BAY,45 to 49,f,16552.3027,12981.40525,21628.89503
MILNE BAY,50 to 54,m,14369.46614,11269.48115,18776.58235
MILNE BAY,50 to 54,f,12532.945,9829.16039,16376.80005
MILNE BAY,55 to 59,m,11389.05469,8932.04631,14882.07851
MILNE BAY,55 to 59,f,9856.87133,7730.40728,12879.97442
MILNE BAY,60 to 64,m,8618.53136,6759.21957,11261.8355
MILNE BAY,60 to 64,f,6986.65115,5479.39169,9129.45751
MILNE BAY,65 to 69,m,5674.85033,4450.59115,7415.3273
MILNE BAY,65 to 69,f,5066.17475,3973.2277,6619.97088
MILNE BAY,70 to 74,m,3562.85102,2794.22227,4655.57766
MILNE BAY,70 to 74,f,2948.92824,2312.74362,3853.36472
MILNE BAY,75 to 79,m,2098.88131,1646.08087,2742.60834
MILNE BAY,75 to 79,f,1797.16712,1409.45674,2348.35839
MILNE BAY,80 +,m,1728.95348,1355.95912,2259.22362
MILNE BAY,80 +,f,1634.50382,1281.88548,2135.80625
MOROBE,< 1,m,16854.72178,14115.24843,19303.04393
MOROBE,< 1,f,15556.88679,13028.35637,17816.68502
MOROBE,1 to 4,m,40317.12272,33764.20035,46173.60055
MOROBE,1 to 4,f,37341.66823,31272.3598,42765.93061
MOROBE,5 to 9,m,75587.10935,63301.59823,86566.91644
MOROBE,5 to 9,f,68613.92331,57461.79532,78580.80322
MOROBE,10 to 14,m,70481.43505,59025.77202,80719.5903
MOROBE,10 to 14,f,60751.242,50877.07079,69575.98637
MOROBE,15 to 19,m,70675.61059,59188.38734,80941.97183
MOROBE,15 to 19,f,61476.54473,51484.48682,70406.6468
MOROBE,20 to 24,m,64253.5404,53810.12495,73587.02973
MOROBE,20 to 24,f,57166.13346,47874.66598,65470.10384
MOROBE,25 to 29,m,60611.3214,50759.89211,69415.74086
MOROBE,25 to 29,f,57074.75674,47798.14113,65365.45371
MOROBE,30 to 34,m,46921.94635,39295.51244,53737.84292
MOROBE,30 to 34,f,43279.72735,36245.2796,49566.55405
MOROBE,35 to 39,m,41155.21858,34466.07675,47133.43848
MOROBE,35 to 39,f,38965.0328,32631.87166,44625.10562
MOROBE,40 to 44,m,30963.85864,25931.16414,35461.67841
MOROBE,40 to 44,f,25869.60644,21664.90354,29627.433540000002
MOROBE,45 to 49,m,27505.82085,23035.1767,31501.32497
MOROBE,45 to 49,f,23129.73256,19370.35363,26489.56473
MOROBE,50 to 54,m,19587.45685,16403.81984,22432.73695
MOROBE,50 to 54,f,16048.03667,13439.67745,18379.17948
MOROBE,55 to 59,m,12441.5117,10419.33713,14248.76957
MOROBE,55 to 59,f,10919.51819,9144.72003,12505.69081
MOROBE,60 to 64,m,10835.28027,9074.17368,12409.21647
MOROBE,60 to 64,f,8228.18819,6890.82395,9423.41738
MOROBE,65 to 69,m,7053.14067,5906.76216,8077.68208
MOROBE,65 to 69,f,5643.9403,4726.60543,6463.78083
MOROBE,70 to 74,m,4259.01187,3566.77561,4877.67726
MOROBE,70 to 74,f,2978.31001,2494.23195,3410.94025
MOROBE,75 to 79,m,2190.18579,1834.20509,2508.33286
MOROBE,75 to 79,f,1647.6365,1379.83877,1886.9727
MOROBE,80 +,m,1904.63353,1595.06492,2181.30119
MOROBE,80 +,f,1499.14933,1255.48588,1716.91623
NATIONAL CAPITAL DISTRICT,< 1,m,9665.9587,8119.03932,11543.43341
NATIONAL CAPITAL DISTRICT,< 1,f,9632.16164,8090.65107,11503.07175
NATIONAL CAPITAL DISTRICT,1 to 4,m,16999.92037,14279.28944,20301.9126
NATIONAL CAPITAL DISTRICT,1 to 4,f,14160.96747,11894.67649,16911.53356
NATIONAL CAPITAL DISTRICT,5 to 9,m,28795.09376,24186.78847,34388.13029
NATIONAL CAPITAL DISTRICT,5 to 9,f,26192.72026,22000.89327,31280.28283
NATIONAL CAPITAL DISTRICT,10 to 14,m,24671.85263,20723.42204,29464.00835
NATIONAL CAPITAL DISTRICT,10 to 14,f,22475.04383,18878.18583,26840.50075
NATIONAL CAPITAL DISTRICT,15 to 19,m,26598.28496,22341.55226,31764.6227
NATIONAL CAPITAL DISTRICT,15 to 19,f,26125.12614,21944.11677,31199.55952
NATIONAL CAPITAL DISTRICT,20 to 24,m,29133.06434,24470.67096,34791.74684
NATIONAL CAPITAL DISTRICT,20 to 24,f,25313.99674,21262.79878,30230.8798
NATIONAL CAPITAL DISTRICT,25 to 29,m,30755.32314,25833.30693,36729.10629
NATIONAL CAPITAL DISTRICT,25 to 29,f,27544.60259,23136.42324,32894.74904
NATIONAL CAPITAL DISTRICT,30 to 34,m,24739.44675,20780.19854,29544.73166
NATIONAL CAPITAL DISTRICT,30 to 34,f,21258.34973,17856.20886,25387.48116
NATIONAL CAPITAL DISTRICT,35 to 39,m,19467.10564,16351.63164,23248.31343
NATIONAL CAPITAL DISTRICT,35 to 39,f,19872.67034,16692.29063,23732.6533
NATIONAL CAPITAL DISTRICT,40 to 44,m,14262.35864,11979.84124,17032.61852
NATIONAL CAPITAL DISTRICT,40 to 44,f,12335.92632,10361.71102,14732.00417
NATIONAL CAPITAL DISTRICT,45 to 49,m,14803.11158,12434.05323,17678.40501
NATIONAL CAPITAL DISTRICT,45 to 49,f,13113.25866,11014.64076,15660.32224
NATIONAL CAPITAL DISTRICT,50 to 54,m,9868.74105,8289.36882,11785.60334
NATIONAL CAPITAL DISTRICT,50 to 54,f,8888.62636,7466.10959,10615.11534
NATIONAL CAPITAL DISTRICT,55 to 59,m,8652.04695,7267.39184,10332.58375
NATIONAL CAPITAL DISTRICT,55 to 59,f,6184.86169,5195.04964,7386.18291
NATIONAL CAPITAL DISTRICT,60 to 64,m,5677.90581,4769.2259,6780.75808
NATIONAL CAPITAL DISTRICT,60 to 64,f,5137.15288,4315.01391,6134.9716
NATIONAL CAPITAL DISTRICT,65 to 69,m,3413.5029,2867.21319,4076.52718
NATIONAL CAPITAL DISTRICT,65 to 69,f,2872.74996,2413.0012,3430.7407
NATIONAL CAPITAL DISTRICT,70 to 74,m,2163.01174,1816.84796,2583.14594
NATIONAL CAPITAL DISTRICT,70 to 74,f,1216.6941,1021.97698,1453.01959
NATIONAL CAPITAL DISTRICT,75 to 79,m,642.14411,539.37674,766.87145
NATIONAL CAPITAL DISTRICT,75 to 79,f,337.97058,283.88249,403.61655
NATIONAL CAPITAL DISTRICT,80 +,m,473.15882,397.43549,565.06317
NATIONAL CAPITAL DISTRICT,80 +,f,473.15882,397.43549,565.06317
NEW IRELAND,< 1,m,4293.4662,3420.05652,5358.08814
NEW IRELAND,< 1,f,3960.06101,3154.47516,4942.0107
NEW IRELAND,1 to 4,m,9450.75496,7528.21021,11794.19509
NEW IRELAND,1 to 4,f,8716.33093,6943.18833,10877.66087
NEW IRELAND,5 to 9,m,16856.78015,13427.64521,21036.64254
NEW IRELAND,5 to 9,f,15084.83646,12016.16383,18825.32188
NEW IRELAND,10 to 14,m,15413.57864,12278.03077,19235.58006
NEW IRELAND,10 to 14,f,13839.81286,11024.41244,17271.57816
NEW IRELAND,15 to 19,m,13898.10048,11070.84275,17344.31897
NEW IRELAND,15 to 19,f,12569.14271,10012.23172,15685.82848
NEW IRELAND,20 to 24,m,11164.41103,8893.26128,13932.77494
NEW IRELAND,20 to 24,f,10720.25935,8539.46233,13378.48996
NEW IRELAND,25 to 29,m,10239.96935,8156.87659,12779.10567
NEW IRELAND,25 to 29,f,9949.697,7925.65365,12416.85643
NEW IRELAND,30 to 34,m,7906.13299,6297.80704,9866.5636
NEW IRELAND,30 to 34,f,7664.82223,6105.58556,9565.41664
NEW IRELAND,35 to 39,m,7282.45544,5801.00274,9088.23692
NEW IRELAND,35 to 39,f,6861.61881,5465.77591,8563.04827
NEW IRELAND,40 to 44,m,5772.80604,4598.45775,7204.24992
NEW IRELAND,40 to 44,f,4982.42589,3968.86277,6217.88452
NEW IRELAND,45 to 49,m,5275.02975,4201.94292,6583.04339
NEW IRELAND,45 to 49,f,4718.96584,3758.99777,5889.09606
NEW IRELAND,50 to 54,m,4064.97873,3238.04971,5072.94416
NEW IRELAND,50 to 54,f,3357.367,2674.38577,4189.87071
NEW IRELAND,55 to 59,m,3388.84232,2699.45813,4229.15075
NEW IRELAND,55 to 59,f,2747.67848,2188.72474,3429.00183
NEW IRELAND,60 to 64,m,2951.68515,2351.23082,3683.59467
NEW IRELAND,60 to 64,f,2500.53896,1991.86023,3120.58079
NEW IRELAND,65 to 69,m,2033.07224,1619.48916,2537.19949
NEW IRELAND,65 to 69,f,1537.62746,1224.83154,1918.90259
NEW IRELAND,70 to 74,m,778.72262,620.30892,971.81723
NEW IRELAND,70 to 74,f,613.18578,488.44684,765.23333
NEW IRELAND,75 to 79,m,497.77629,396.51483,621.20653
NEW IRELAND,75 to 79,f,359.05175,286.0107,448.0834
NEW IRELAND,80 +,m,472.12973,376.0855,589.20057
NEW IRELAND,80 +,f,426.66539,339.86986,532.46274
NORTH BOUGAINVILLE,< 1,m,4356.90301,3687.77091,5122.70258
NORTH BOUGAINVILLE,< 1,f,4195.53623,3551.1868,4932.97285
NORTH BOUGAINVILLE,1 to 4,m,9557.52374,8089.68158,11237.42058
NORTH BOUGAINVILLE,1 to 4,f,8998.11891,7616.19001,10579.69086
NORTH BOUGAINVILLE,5 to 9,m,14844.20676,12564.43711,17453.32776
NORTH BOUGAINVILLE,5 to 9,f,13863.71148,11734.52605,16300.49381
NORTH BOUGAINVILLE,10 to 14,m,13528.68331,11450.95143,15906.57876
NORTH BOUGAINVILLE,10 to 14,f,12425.24192,10516.97629,14609.18883
NORTH BOUGAINVILLE,15 to 19,m,11300.28495,9564.78994,13286.50161
NORTH BOUGAINVILLE,15 to 19,f,10561.07142,8939.10465,12417.35877
NORTH BOUGAINVILLE,20 to 24,m,9222.49558,7806.10696,10843.50553
NORTH BOUGAINVILLE,20 to 24,f,9167.16982,7759.27812,10778.45534
NORTH BOUGAINVILLE,25 to 29,m,8575.49164,7258.46972,10082.77968
NORTH BOUGAINVILLE,25 to 29,f,8967.38238,7590.17399,10543.55187
NORTH BOUGAINVILLE,30 to 34,m,7044.81248,5962.8719,8283.05771
NORTH BOUGAINVILLE,30 to 34,f,7430.55593,6289.37296,8736.6021
NORTH BOUGAINVILLE,35 to 39,m,5967.49714,5051.01038,7016.38593
NORTH BOUGAINVILLE,35 to 39,f,6383.97711,5403.52746,7506.06931
NORTH BOUGAINVILLE,40 to 44,m,4456.79673,3772.32297,5240.15431
NORTH BOUGAINVILLE,40 to 44,f,4668.87878,3951.83352,5489.51338
NORTH BOUGAINVILLE,45 to 49,m,3877.41315,3281.92099,4558.93425
NORTH BOUGAINVILLE,45 to 49,f,4135.6,3500.45556,4862.50181
NORTH BOUGAINVILLE,50 to 54,m,3093.63166,2618.51246,3637.38987
NORTH BOUGAINVILLE,50 to 54,f,3093.63166,2618.51246,3637.38987
NORTH BOUGAINVILLE,55 to 59,m,2449.70137,2073.47684,2880.27792
NORTH BOUGAINVILLE,55 to 59,f,2569.57384,2174.93932,3021.22
NORTH BOUGAINVILLE,60 to 64,m,2059.34745,1743.07337,2421.31268
NORTH BOUGAINVILLE,60 to 64,f,1730.46659,1464.70196,2034.62543
NORTH BOUGAINVILLE,65 to 69,m,1169.52493,989.90958,1375.08877
NORTH BOUGAINVILLE,65 to 69,f,1091.14679,923.56873,1282.93433
NORTH BOUGAINVILLE,70 to 74,m,633.1725,535.93002,744.4633
NORTH BOUGAINVILLE,70 to 74,f,580.9204,491.70279,683.02701
NORTH BOUGAINVILLE,75 to 79,m,304.29164,257.5586,357.77605
NORTH BOUGAINVILLE,75 to 79,f,295.07068,249.7538,346.93435
NORTH BOUGAINVILLE,80 +,m,273.55511,231.54258,321.63706
NORTH BOUGAINVILLE,80 +,f,284.31289,240.64819,334.28571
NORTHERN (ORO),< 1,m,4833.42436,3943.97942,5837.68932
NORTHERN (ORO),< 1,f,4401.88894,3591.85499,5316.49162
NORTHERN (ORO),1 to 4,m,10742.84071,8765.94719,12974.93493
NORTHERN (ORO),1 to 4,f,10017.5424,8174.11801,12098.93773
NORTHERN (ORO),5 to 9,m,19649.09402,16033.27512,23731.68543
NORTHERN (ORO),5 to 9,f,18114.23983,14780.86422,21877.92684
NORTHERN (ORO),10 to 14,m,19424.78669,15850.24474,23460.77264
NORTHERN (ORO),10 to 14,f,17004.08936,13875.00322,20537.11481
NORTHERN (ORO),15 to 19,m,18864.58769,15393.13335,22784.17826
NORTHERN (ORO),15 to 19,f,16005.52324,13060.19287,19331.07157
NORTHERN (ORO),20 to 24,m,14110.86644,11514.1901,17042.75237
NORTHERN (ORO),20 to 24,f,12415.46742,10130.77776,14995.09173
NORTHERN (ORO),25 to 29,m,12248.09088,9994.2018,14792.93853
NORTHERN (ORO),25 to 29,f,11601.35707,9466.4797,14011.82957
NORTHERN (ORO),30 to 34,m,9516.55142,7765.3192,11493.85333
NORTHERN (ORO),30 to 34,f,8848.1839,7219.94443,10686.61572
NORTHERN (ORO),35 to 39,m,8500.90606,6936.57252,10267.18221
NORTHERN (ORO),35 to 39,f,7781.30084,6349.38878,9398.06098
NORTHERN (ORO),40 to 44,m,6443.42719,5257.71014,7782.21057
NORTHERN (ORO),40 to 44,f,5384.51444,4393.65811,6503.28217
NORTHERN (ORO),45 to 49,m,5814.91123,4744.85345,7023.10468
NORTHERN (ORO),45 to 49,f,4819.76097,3932.83036,5821.18702
NORTHERN (ORO),50 to 54,m,4171.88854,3404.17918,5038.70287
NORTHERN (ORO),50 to 54,f,3501.24379,2856.94622,4228.71488
NORTHERN (ORO),55 to 59,m,3024.16374,2467.65827,3652.5095
NORTHERN (ORO),55 to 59,f,2621.09373,2138.76104,3165.6916
NORTHERN (ORO),60 to 64,m,2356.93484,1923.21258,2846.64709
NORTHERN (ORO),60 to 64,f,1919.70635,1566.44271,2318.57343
NORTHERN (ORO),65 to 69,m,1785.34968,1456.8103,2156.30079
NORTHERN (ORO),65 to 69,f,1381.14105,1126.98399,1668.10769
NORTHERN (ORO),70 to 74,m,976.93241,797.15768,1179.91459
NORTHERN (ORO),70 to 74,f,725.29831,591.82919,875.9972
NORTHERN (ORO),75 to 79,m,569.30793,464.5441,687.59592
NORTHERN (ORO),75 to 79,f,450.89188,367.91893,544.57597
NORTHERN (ORO),80 +,m,614.85257,501.70763,742.60359
NORTHERN (ORO),80 +,f,551.09008,449.67869,665.59285
SOUTH BOUGAINVILLE,< 1,m,4616.56969,3479.3156,5870.77249
SOUTH BOUGAINVILLE,< 1,f,3870.58659,2917.09932,4922.12504
SOUTH BOUGAINVILLE,1 to 4,m,9192.64315,6928.11089,11690.04697
SOUTH BOUGAINVILLE,1 to 4,f,8220.73374,6195.6234,10454.09487
SOUTH BOUGAINVILLE,5 to 9,m,14689.47289,11070.8417,18680.22344
SOUTH BOUGAINVILLE,5 to 9,f,13048.31007,9833.96589,16593.19906
SOUTH BOUGAINVILLE,10 to 14,m,13717.56348,10338.35421,17444.27134
SOUTH BOUGAINVILLE,10 to 14,f,11797.18985,8891.04887,15002.18177
SOUTH BOUGAINVILLE,15 to 19,m,12144.60483,9152.88102,15443.98044
SOUTH BOUGAINVILLE,15 to 19,f,11125.80506,8385.05422,14148.39907
SOUTH BOUGAINVILLE,20 to 24,m,10026.01283,7556.18679,12749.82169
SOUTH BOUGAINVILLE,20 to 24,f,9280.02974,6993.97051,11801.17424
SOUTH BOUGAINVILLE,25 to 29,m,9836.31999,7413.22322,12508.59419
SOUTH BOUGAINVILLE,25 to 29,f,9998.30489,7535.30447,12714.58621
SOUTH BOUGAINVILLE,30 to 34,m,8374.19312,6311.27932,10649.2452
SOUTH BOUGAINVILLE,30 to 34,f,7984.15053,6017.32052,10153.2381
SOUTH BOUGAINVILLE,35 to 39,m,7638.86692,5757.0947,9714.14986
SOUTH BOUGAINVILLE,35 to 39,f,7312.76574,5511.32587,9299.4554
SOUTH BOUGAINVILLE,40 to 44,m,5264.50929,3967.6406,6694.74055
SOUTH BOUGAINVILLE,40 to 44,f,5055.63402,3810.22004,6429.11927
SOUTH BOUGAINVILLE,45 to 49,m,4770.02907,3594.97152,6065.92282
SOUTH BOUGAINVILLE,45 to 49,f,4729.53284,3564.45121,6014.42481
SOUTH BOUGAINVILLE,50 to 54,m,3642.5289,2745.22177,4632.10996
SOUTH BOUGAINVILLE,50 to 54,f,3597.76991,2711.4888,4575.19112
SOUTH BOUGAINVILLE,55 to 59,m,3015.9031,2272.9601,3835.24611
SOUTH BOUGAINVILLE,55 to 59,f,2704.72157,2038.4356,3439.5246
SOUTH BOUGAINVILLE,60 to 64,m,2310.41622,1741.26413,2938.09666
SOUTH BOUGAINVILLE,60 to 64,f,2152.69408,1622.39555,2737.52549
SOUTH BOUGAINVILLE,65 to 69,m,1658.21386,1249.72647,2108.70775
SOUTH BOUGAINVILLE,65 to 69,f,1526.06828,1150.13387,1940.66163
SOUTH BOUGAINVILLE,70 to 74,m,922.88766,695.54185,1173.61241
SOUTH BOUGAINVILLE,70 to 74,f,869.60315,655.38355,1105.85188
SOUTH BOUGAINVILLE,75 to 79,m,468.90366,353.39309,596.29268
SOUTH BOUGAINVILLE,75 to 79,f,392.17397,295.56513,498.71751
SOUTH BOUGAINVILLE,80 +,m,509.39989,383.9134,647.79069
SOUTH BOUGAINVILLE,80 +,f,428.40744,322.87278,544.79468
SOUTHERN HIGHLANDS,< 1,m,10927.16305,9548.61328,12357.28873
SOUTHERN HIGHLANDS,< 1,f,9993.93948,8733.12339,11301.92669
SOUTHERN HIGHLANDS,1 to 4,m,37670.85661,32918.37413,42601.14447
SOUTHERN HIGHLANDS,1 to 4,f,34941.57992,30533.41771,39514.66539
SOUTHERN HIGHLANDS,5 to 9,m,70237.1412,61376.15918,79429.64052
SOUTHERN HIGHLANDS,5 to 9,f,61639.01456,53862.75558,69706.20793
SOUTHERN HIGHLANDS,10 to 14,m,64682.04745,56521.88532,73147.50699
SOUTHERN HIGHLANDS,10 to 14,f,52342.98149,45739.492080000004,59193.52828
SOUTHERN HIGHLANDS,15 to 19,m,64752.44147,56583.39857,73227.11405
SOUTHERN HIGHLANDS,15 to 19,f,55017.95423,48076.99543,62218.5962
SOUTHERN HIGHLANDS,20 to 24,m,43789.10252,38264.75395,49520.1344
SOUTHERN HIGHLANDS,20 to 24,f,43236.00665,37781.43559,48894.65043
SOUTHERN HIGHLANDS,25 to 29,m,41206.64764,36008.09659,46599.69289
SOUTHERN HIGHLANDS,25 to 29,f,45064.2399,39379.02246,50962.15926
SOUTHERN HIGHLANDS,30 to 34,m,34036.51396,29742.53312,38491.14617
SOUTHERN HIGHLANDS,30 to 34,f,40661.5968,35531.80832,45983.30687
SOUTHERN HIGHLANDS,35 to 39,m,29318.10341,25619.38813,33155.1993
SOUTHERN HIGHLANDS,35 to 39,f,31751.72522,27745.98892,35907.32876
SOUTHERN HIGHLANDS,40 to 44,m,24931.55038,21786.23415,28194.54281
SOUTHERN HIGHLANDS,40 to 44,f,25022.05697,21865.32261,28296.89473
SOUTHERN HIGHLANDS,45 to 49,m,17701.07897,15467.94505,20017.76148
SOUTHERN HIGHLANDS,45 to 49,f,15557.07827,13594.42733,17593.15817
SOUTHERN HIGHLANDS,50 to 54,m,13654.42849,11931.81217,15441.49331
SOUTHERN HIGHLANDS,50 to 54,f,11204.71661,9791.15122,12671.16796
SOUTHERN HIGHLANDS,55 to 59,m,6556.70008,5729.51947,7414.82813
SOUTHERN HIGHLANDS,55 to 59,f,5770.29832,5042.32864,6525.50366
SOUTHERN HIGHLANDS,60 to 64,m,8276.32541,7232.20019,9359.51465
SOUTHERN HIGHLANDS,60 to 64,f,6912.6927,6040.60074,7817.41236
SOUTHERN HIGHLANDS,65 to 69,m,4712.37678,4117.87243,5329.12341
SOUTHERN HIGHLANDS,65 to 69,f,3702.72542,3235.59673,4187.33086
SOUTHERN HIGHLANDS,70 to 74,m,3726.86051,3256.68699,4214.6247
SOUTHERN HIGHLANDS,70 to 74,f,2250.59736,1966.66635,2545.15113
SOUTHERN HIGHLANDS,75 to 79,m,1745.77168,1525.5285,1974.25485
SOUTHERN HIGHLANDS,75 to 79,f,1017.69639,889.30578,1150.8905
SOUTHERN HIGHLANDS,80 +,m,2137.96693,1868.24515,2417.77985
SOUTHERN HIGHLANDS,80 +,f,1156.47317,1010.57475,1307.83012
WEST NEW BRITAIN,< 1,m,6967.20149,6637.09191,7309.6634
WEST NEW BRITAIN,< 1,f,6203.20898,5909.29775,6508.11803
WEST NEW BRITAIN,1 to 4,m,15401.8839,14672.13473,16158.93944
WEST NEW BRITAIN,1 to 4,f,14148.73109,13478.35694,14844.18986
WEST NEW BRITAIN,5 to 9,m,25753.21329,24533.01281,27019.07226
WEST NEW BRITAIN,5 to 9,f,23192.55652,22093.68127,24332.5504
WEST NEW BRITAIN,10 to 14,m,24217.02432,23069.60927,25407.37432
WEST NEW BRITAIN,10 to 14,f,21098.49919,20098.84146,22135.56296
WEST NEW BRITAIN,15 to 19,m,23243.83118,22142.52652,24386.34539
WEST NEW BRITAIN,15 to 19,f,20852.3808,19864.38428,21877.347
WEST NEW BRITAIN,20 to 24,m,18477.33831,17601.87253,19385.56301
WEST NEW BRITAIN,20 to 24,f,16515.56963,15733.05345,17327.36665
WEST NEW BRITAIN,25 to 29,m,16432.50467,15653.92416,17240.21876
WEST NEW BRITAIN,25 to 29,f,15720.812320000001,14975.95215,16493.54429
WEST NEW BRITAIN,30 to 34,m,13100.67693,12479.96013,13744.62024
WEST NEW BRITAIN,30 to 34,f,12413.59642,11825.43384,13023.76736
WEST NEW BRITAIN,35 to 39,m,11450.65821,10908.12014,12013.49742
WEST NEW BRITAIN,35 to 39,f,10976.8803,10456.79007,11516.43171
WEST NEW BRITAIN,40 to 44,m,8805.91098,8388.6824,9238.75178
WEST NEW BRITAIN,40 to 44,f,7350.73599,7002.45434,7712.04993
WEST NEW BRITAIN,45 to 49,m,7323.04767,6976.07791,7683.00064
WEST NEW BRITAIN,45 to 49,f,6290.37591,5992.33467,6599.56951
WEST NEW BRITAIN,50 to 54,m,5637.13668,5370.04625,5914.22133
WEST NEW BRITAIN,50 to 54,f,4343.98963,4138.16917,4557.51165
WEST NEW BRITAIN,55 to 59,m,3809.70762,3629.20171,3996.96784
WEST NEW BRITAIN,55 to 59,f,3119.55062,2971.74471,3272.88726
WEST NEW BRITAIN,60 to 64,m,3140.06049,2991.28281,3294.40526
WEST NEW BRITAIN,60 to 64,f,2370.94051,2258.60413,2487.48039
WEST NEW BRITAIN,65 to 69,m,1949.46277,1857.09622,2045.28556
WEST NEW BRITAIN,65 to 69,f,1463.37894,1394.0433,1535.30905
WEST NEW BRITAIN,70 to 74,m,1165.98588,1110.74087,1223.2981
WEST NEW BRITAIN,70 to 74,f,856.28691,815.71559,898.37635
WEST NEW BRITAIN,75 to 79,m,676.82558,644.75724,710.09388
WEST NEW BRITAIN,75 to 79,f,490.1858,466.96054,514.28012
WEST NEW BRITAIN,80 +,m,784.50238,747.33225,823.06336
WEST NEW BRITAIN,80 +,f,598.88809,570.51246,628.3255
WEST SEPIK,< 1,m,8064.18371,7315.8183,8842.74636
WEST SEPIK,< 1,f,7328.15163,6648.09083,8035.6535
WEST SEPIK,1 to 4,m,16953.1866,15379.91162,18589.94467
WEST SEPIK,1 to 4,f,15993.25664,14509.06425,17537.33756
WEST SEPIK,5 to 9,m,29616.28409,26867.85926,32475.61036
WEST SEPIK,5 to 9,f,26883.18592,24388.39571,29478.64319
WEST SEPIK,10 to 14,m,27570.32077,25011.76366,30232.11799
WEST SEPIK,10 to 14,f,24286.48531,22032.67187,26631.24218
WEST SEPIK,15 to 19,m,26225.64677,23791.87694,28757.62143
WEST SEPIK,15 to 19,f,22594.38357,20497.59909,24775.77521
WEST SEPIK,20 to 24,m,22735.9282,20626.00822,24930.98538
WEST SEPIK,20 to 24,f,20220.29406,18343.82779,22172.47746
WEST SEPIK,25 to 29,m,20284.63253,18402.19558,22243.02753
WEST SEPIK,25 to 29,f,19700.43923,17872.21608,21602.43286
WEST SEPIK,30 to 34,m,16232.59575,14726.19241,17799.78383
WEST SEPIK,30 to 34,f,15711.45415,14253.41335,17228.32823
WEST SEPIK,35 to 39,m,13375.96772,12134.66271,14667.36052
WEST SEPIK,35 to 39,f,13427.4385,12181.35694,14723.80058
WEST SEPIK,40 to 44,m,10354.63321,9393.71148,11354.32901
WEST SEPIK,40 to 44,f,9308.48971,8444.65128,10207.1848
WEST SEPIK,45 to 49,m,8878.70873,8054.75447,9735.9103
WEST SEPIK,45 to 49,f,8263.63297,7496.75844,9061.45159
WEST SEPIK,50 to 54,m,6659.03155,6041.06585,7301.93273
WEST SEPIK,50 to 54,f,5702.9619,5173.72055,6253.55862
WEST SEPIK,55 to 59,m,4431.63375,4020.3731,4859.48914
WEST SEPIK,55 to 59,f,4106.0811,3725.0321,4502.50576
WEST SEPIK,60 to 64,m,3756.07982,3407.51135,4118.71336
WEST SEPIK,60 to 64,f,3249.09269,2947.57319,3562.77877
WEST SEPIK,65 to 69,m,2520.78122,2286.84986,2764.15192
WEST SEPIK,65 to 69,f,2087.13994,1893.45098,2288.64442
WEST SEPIK,70 to 74,m,1304.78415,1183.6987,1430.75551
WEST SEPIK,70 to 74,f,1109.19521,1006.26063,1216.28329
WEST SEPIK,75 to 79,m,658.82592,597.68613,722.43276
WEST SEPIK,75 to 79,f,510.84744,463.44022,560.16759
WEST SEPIK,80 +,m,747.61301,678.23367,819.79187
WEST SEPIK,80 +,f,616.36253,559.16339,675.86972
WESTERN,< 1,m,5281.62029,4406.57313,6229.54418
WESTERN,< 1,f,4972.47892,4148.64961,5864.91936
WESTERN,1 to 4,m,12066.34494,10067.2196,14231.96381
WESTERN,1 to 4,f,11478.64862,9576.89151,13538.79012
WESTERN,5 to 9,m,22509.42457,18780.1129,26549.32521
WESTERN,5 to 9,f,20532.23062,17130.49607,24217.27248
WESTERN,10 to 14,m,20487.44336,17093.12906,24164.44697
WESTERN,10 to 14,f,18780.06538,15668.62569,22150.63569
WESTERN,15 to 19,m,19866.97586,16575.45925,23432.62048
WESTERN,15 to 19,f,18000.11152,15017.89287,21230.69886
WESTERN,20 to 24,m,16894.63071,14095.56567,19926.81082
WESTERN,20 to 24,f,15924.60407,13286.25089,18782.68771
WESTERN,25 to 29,m,15108.60192,12605.44218,17820.23279
WESTERN,25 to 29,f,14483.76494,12084.12681,17083.25259
WESTERN,30 to 34,m,11412.0139,9521.29668,13460.19608
WESTERN,30 to 34,f,11071.19373,9236.94284,13058.20688
WESTERN,35 to 39,m,10178.72552,8492.3368,12005.56208
WESTERN,35 to 39,f,9996.29934,8340.13458,11790.39479
WESTERN,40 to 44,m,7519.89123,6274.01229,8869.53095
WESTERN,40 to 44,f,6775.98566,5653.35535,7992.11221
WESTERN,45 to 49,m,6910.34746,5765.45638,8150.58873
WESTERN,45 to 49,f,6082.32922,5074.62237,7173.96112
WESTERN,50 to 54,m,5067.51531,4227.94059,5977.0125
WESTERN,50 to 54,f,4599.97995,3837.86545,5425.56578
WESTERN,55 to 59,m,3442.06526,2871.79151,4059.83324
WESTERN,55 to 59,f,3118.72305,2602.01991,3678.45887
WESTERN,60 to 64,m,2680.68174,2236.55232,3161.79967
WESTERN,60 to 64,f,2469.85388,2060.65395,2913.13328
WESTERN,65 to 69,m,1752.16524,1461.87038,2066.63679
WESTERN,65 to 69,f,1586.12465,1323.33902,1870.79589
WESTERN,70 to 74,m,935.07073,780.15028,1102.89345
WESTERN,70 to 74,f,896.8377,748.25161,1057.79851
WESTERN,75 to 79,m,585.51158,488.50531,690.59683
WESTERN,75 to 79,f,583.32683,486.68253,688.01998
WESTERN,80 +,m,583.32683,486.68253,688.01998
WESTERN,80 +,f,637.94545,532.25206,752.44132
WESTERN HIGHLANDS,< 1,m,6394.47968,5695.99117,7172.51928
WESTERN HIGHLANDS,< 1,f,5594.59288,4983.47844,6275.30734
WESTERN HIGHLANDS,1 to 4,m,18300.48707,16301.46907,20527.17389
WESTERN HIGHLANDS,1 to 4,f,17022.20643,15162.81893,19093.3602
WESTERN HIGHLANDS,5 to 9,m,35108.8776,31273.82786,39380.70244
WESTERN HIGHLANDS,5 to 9,f,31292.49462,27874.32003,35099.96625
WESTERN HIGHLANDS,10 to 14,m,34052.10408,30332.48893,38195.34743
WESTERN HIGHLANDS,10 to 14,f,28946.67275,25784.73943,32468.7197
WESTERN HIGHLANDS,15 to 19,m,33007.63651,29402.11174,37023.79569
WESTERN HIGHLANDS,15 to 19,f,30854.09512,27483.80824,34608.22509
WESTERN HIGHLANDS,20 to 24,m,26008.627,23167.62537,29173.19124
WESTERN HIGHLANDS,20 to 24,f,24722.65514,22022.12414,27730.75051
WESTERN HIGHLANDS,25 to 29,m,21935.35728,19539.29133,24604.31198
WESTERN HIGHLANDS,25 to 29,f,25402.55892,22627.75996,28493.38065
WESTERN HIGHLANDS,30 to 34,m,18238.95732,16246.6604,20458.15759
WESTERN HIGHLANDS,30 to 34,f,23013.66622,20499.8133,25813.82269
WESTERN HIGHLANDS,35 to 39,m,18088.20942,16112.37916,20289.06765
WESTERN HIGHLANDS,35 to 39,f,21198.53848,18882.95749,23777.84176
WESTERN HIGHLANDS,40 to 44,m,15056.33079,13411.68188,16888.28932
WESTERN HIGHLANDS,40 to 44,f,15233.22883,13569.25681,17086.71119
WESTERN HIGHLANDS,45 to 49,m,12664.36161,11280.99478,14205.28054
WESTERN HIGHLANDS,45 to 49,f,11636.81472,10365.68997,13052.70829
WESTERN HIGHLANDS,50 to 54,m,10010.89097,8917.37083,11228.95248
WESTERN HIGHLANDS,50 to 54,f,8648.00692,7703.35876,9700.24137
WESTERN HIGHLANDS,55 to 59,m,5753.03199,5124.61077,6453.02432
WESTERN HIGHLANDS,55 to 59,f,5054.66929,4502.53235,5669.68928
WESTERN HIGHLANDS,60 to 64,m,6108.36632,5441.13085,6851.59347
WESTERN HIGHLANDS,60 to 64,f,5408.46537,4817.68221,6066.53302
WESTERN HIGHLANDS,65 to 69,m,3940.98074,3510.4954,4420.4942
WESTERN HIGHLANDS,65 to 69,f,3191.85599,2843.19983,3580.22071
WESTERN HIGHLANDS,70 to 74,m,2825.75395,2517.08823,3169.57371
WESTERN HIGHLANDS,70 to 74,f,1965.87564,1751.13705,2205.07088
WESTERN HIGHLANDS,75 to 79,m,1442.87273,1285.26334,1618.4323
WESTERN HIGHLANDS,75 to 79,f,1016.77918,905.71329,1140.49441
WESTERN HIGHLANDS,80 +,m,1335.19566,1189.34817,1497.65377
WESTERN HIGHLANDS,80 +,f,926.0228,824.8705,1038.69536
